"dt , random_coeff",true value,Numerical Value,Error
0.01,0.2007,-0.3369625005832176,-0.33696497970434064,2.4791211230557053e-06
0.01,0.1991,-0.3365134791782596,-0.3365162096106078,2.730432348219125e-06
0.01,0.1711,-0.3286556045914935,-0.3286633754362079,7.77084471437206e-06
